user,comment_number,comment rate
robert32907,425,14.65517241
BlankVerse,340,11.72413793
davidreiss666,324,11.17241379
ripster55,271,9.344827586
Scopolamina,253,8.724137931
maxwellhill,239,8.24137931
anutensil,235,8.103448276
alllie,208,7.172413793
Probably_on_Reddit,202,6.965517241
diggro,202,6.965517241
mr_majorly,189,6.517241379
EquanimousMind,185,6.379310345
NSFW_PORN_ONLY,179,6.172413793
The_Senator,165,5.689655172
Anomaly100,163,5.620689655
mepper,153,5.275862069
HouseSpeaker,150,5.172413793
GildasSapiens,137,4.724137931
GraybackPH,136,4.689655172
IAmperfectlyCalm,135,4.655172414
Aschebescher,134,4.620689655
marquis_of_chaos,128,4.413793103
twolf1,128,4.413793103
TURKTEAM,128,4.413793103
shellbullet17,123,4.24137931
westtowel,121,4.172413793
pepsi_next,119,4.103448276
Mark_B123,119,4.103448276
reeds1999,117,4.034482759
artacuno53,115,3.965517241
antdude,109,3.75862069
blueboybob,109,3.75862069
mayonesa,107,3.689655172
trot-trot,102,3.517241379
wang-banger,101,3.482758621
skipperbob,98,3.379310345
Orangutan,97,3.344827586
IsleCook,97,3.344827586
jjeremyharrelson,96,3.310344828
magister0,95,3.275862069
tone_is_everything,92,3.172413793
tehcrashxor,91,3.137931034
atticus138,87,3
backpackwayne,87,3
MasterT231,86,2.965517241
Nickster79,86,2.965517241
pwnyoface,84,2.896551724
PoliticBot,84,2.896551724
darkreef2,81,2.793103448
JebbySanderson,81,2.793103448
thatSunset,81,2.793103448
NY1227,81,2.793103448
meditonsin,80,2.75862069
klmd,80,2.75862069
readerseven,80,2.75862069
chabanais,79,2.724137931
kmad,79,2.724137931
joshuastarlight,79,2.724137931
DonnieS1,78,2.689655172
jspsfx,75,2.586206897
Minarchian,74,2.551724138
JohnDio,74,2.551724138
TomDerman,74,2.551724138
pnewell,74,2.551724138
KAPT_Kipper,73,2.517241379
loopuleasa,73,2.517241379
Accipehoc,73,2.517241379
DoremusJessup,70,2.413793103
beauseph,70,2.413793103
Ood_in_my_Soup,68,2.344827586
Taqwacore,68,2.344827586
bjo3030,68,2.344827586
MemeFan1999,67,2.310344828
amichail,67,2.310344828
kondrat1983,65,2.24137931
justanumber2u,65,2.24137931
timothyjchambers,65,2.24137931
tonybanks,64,2.206896552
GhostOfImNotATroll,64,2.206896552
josephgats,64,2.206896552
jason-samfield,64,2.206896552
pool92,63,2.172413793
carlobankston,63,2.172413793
Mullagain,63,2.172413793
lazarus30d,62,2.137931034
ddxxdd,62,2.137931034
AllTheCuteThings,61,2.103448276
okp11,61,2.103448276
Zazzlesthe7th,61,2.103448276
galt1776,61,2.103448276
salvia_d,61,2.103448276
kjhatch,60,2.068965517
Piscator629,60,2.068965517
JessiTee,60,2.068965517
shallah,60,2.068965517
dqindustry,60,2.068965517
DoctorSteve,60,2.068965517
FelEdorath,60,2.068965517
Gnome_Sane,59,2.034482759
But_Wait_Theres_More,59,2.034482759
northdancer,59,2.034482759
dareposta,59,2.034482759
One_Giant_Nostril,59,2.034482759
douglasmacarthur,58,2
theanswermancan,58,2
MyLittleCrazier,58,2
lukjad007,57,1.965517241
MidwestDrummer,57,1.965517241
drednaught,57,1.965517241
ArbiK,57,1.965517241
MrFruitcup,57,1.965517241
MJive,57,1.965517241
shazbaz,56,1.931034483
Guardax,56,1.931034483
bryanhbell,56,1.931034483
speckz,56,1.931034483
obzen22,55,1.896551724
lolpancakeslol,55,1.896551724
brody10123,55,1.896551724
streetlite,55,1.896551724
ultraplayer,55,1.896551724
JJFFMM,55,1.896551724
ReneFonck,55,1.896551724
FritzMuffknuckle,55,1.896551724
guillaum63,55,1.896551724
unclefred,54,1.862068966
bigDean636,54,1.862068966
yummyummers,54,1.862068966
wowcars,54,1.862068966
Kaffir,54,1.862068966
NotANoveltyUser,54,1.862068966
coupdetat,54,1.862068966
Minifig81,53,1.827586207
ElderCunningham,53,1.827586207
Ze_Carioca,53,1.827586207
peri123,53,1.827586207
cilantroavocado,53,1.827586207
kyle_sp,53,1.827586207
happycrabeatsthefish,53,1.827586207
secaa23,52,1.793103448
masteractor,52,1.793103448
captainplantit,52,1.793103448
iamstandingbehindyou,52,1.793103448
DavidCarraway,52,1.793103448
Rowdy_Roddy_Peeper,52,1.793103448
Shadow_Jack,52,1.793103448
FenrirIII,52,1.793103448
Kylde,50,1.724137931
ekser,50,1.724137931
jstohler,50,1.724137931
dephmoose,50,1.724137931
ThatGhost,50,1.724137931
noupsell,50,1.724137931
NGC300,50,1.724137931
vercing3torix,49,1.689655172
jondavidbrooks,49,1.689655172
drewiepoodle,49,1.689655172
yahoo_bot,49,1.689655172
igeldard,49,1.689655172
vigorous,49,1.689655172
ArchangelleGabrielle,48,1.655172414
spreezy89,48,1.655172414
mod83,48,1.655172414
syuk,48,1.655172414
psYberspRe4Dd,48,1.655172414
axolotl_peyotl,48,1.655172414
Sidewinder77,48,1.655172414
chancellorhelmut,48,1.655172414
undercurrents,47,1.620689655
qnnplmr,47,1.620689655
joey6957,47,1.620689655
danrennt98,47,1.620689655
Isaaccclark,46,1.586206897
ratiug,46,1.586206897
The_Horse_Yeller,46,1.586206897
JSherm55,46,1.586206897
wordsmithie,46,1.586206897
ken27238,46,1.586206897
one_brown_jedi,46,1.586206897
Masterkid1230,45,1.551724138
mic9ael,45,1.551724138
BlueMaxima,45,1.551724138
Negro_Napoleon,45,1.551724138
devnull5475,45,1.551724138
7RED7,44,1.517241379
cech_mate,44,1.517241379
windupian00,44,1.517241379
deejay_reich,44,1.517241379
PuroMichoacan,44,1.517241379
OkraWimprey,44,1.517241379
wazzym,44,1.517241379
madcat033,44,1.517241379
piglet24,44,1.517241379
aschesklave,43,1.482758621
DiKetian,43,1.482758621
PhoneDojo,43,1.482758621
FantasyMod,43,1.482758621
Lightfiend,43,1.482758621
vivvav,43,1.482758621
CharlieDarwin2,43,1.482758621
excoriator,43,1.482758621
kirbyfood,43,1.482758621
badlarry001,42,1.448275862
mateslikerabbit,42,1.448275862
Scooby303,42,1.448275862
AlyoshaV,42,1.448275862
rohanivey,42,1.448275862
phileconomicus,42,1.448275862
JoshTheDerp,42,1.448275862
Bookwormy13,42,1.448275862
robdotcom71,42,1.448275862
rottenart,41,1.413793103
FlaviaTitus,41,1.413793103
Aerik,41,1.413793103
EvilOldHausFrau,41,1.413793103
twentyone_21,41,1.413793103
FLDJF713,41,1.413793103
Obamaroid_Ointment,41,1.413793103
camilstoenescu,41,1.413793103
thatdudecalledZZ,41,1.413793103
trae84,41,1.413793103
soupyhands,41,1.413793103
harrys11,40,1.379310345
FreddieFreelance,40,1.379310345
Xinjin,40,1.379310345
robocop12,40,1.379310345
Stewpid,40,1.379310345
Clayburn,40,1.379310345
danchan22,39,1.344827586
zapyou42,39,1.344827586
Balumby,39,1.344827586
mcandre,39,1.344827586
rspix000,39,1.344827586
CptQuestionMark,39,1.344827586
Occidentalist,39,1.344827586
cetamega,39,1.344827586
minderbinder,39,1.344827586
Myrandall,39,1.344827586
tarheel295,39,1.344827586
anamericandude,39,1.344827586
sdvaletones,39,1.344827586
Osterstriker,38,1.310344828
istalkyurmom,38,1.310344828
AmericanDerp,38,1.310344828
Software_Engineer,38,1.310344828
nirad,38,1.310344828
nmpraveen,38,1.310344828
trollunit,38,1.310344828
dragonsky,38,1.310344828
AhmedF,38,1.310344828
mad_maverik,37,1.275862069
Matt080398,37,1.275862069
empathyx,37,1.275862069
droivod,37,1.275862069
UnholyDemigod,37,1.275862069
KCNA_Anchor,37,1.275862069
bobbelcher,37,1.275862069
MajorBlink,37,1.275862069
PresidentWyatt,37,1.275862069
FillyMays,37,1.275862069
forteller,37,1.275862069
pavel_lishin,37,1.275862069
TheDuskDragon,36,1.24137931
ZeOppositeOfProgress,36,1.24137931
Mysticalchickenwing,36,1.24137931
The2500,36,1.24137931
ani625,36,1.24137931
MrsSippy,36,1.24137931
KaseyB,36,1.24137931
MeghanAM,36,1.24137931
spaceghoti,36,1.24137931
AuditoreKiller,36,1.24137931
hannahjoy33,36,1.24137931
specktra,36,1.24137931
Mithryn,36,1.24137931
EhsAreEhs,36,1.24137931
weblypistol,36,1.24137931
stevano,36,1.24137931
hoffer175,36,1.24137931
MIIAIIRIIK,36,1.24137931
drawponies,36,1.24137931
aresef,36,1.24137931
brentmcdonald,36,1.24137931
Marshallfan607,36,1.24137931
caferrell,36,1.24137931
KingContext,35,1.206896552
GeorgeDouglasMcFly,35,1.206896552
kimmers87,35,1.206896552
empw,35,1.206896552
windupian9000,35,1.206896552
LinuxUser4Life,35,1.206896552
Quouar,35,1.206896552
MagCynic,35,1.206896552
tyrroi,35,1.206896552
PabstyLoudmouth,35,1.206896552
ChrisHernandez,35,1.206896552
IFeelLikeAndy,35,1.206896552
TWS66,35,1.206896552
Kuiper,35,1.206896552
saniee,35,1.206896552
littlesparkvt,34,1.172413793
gn3xu5,34,1.172413793
marabear2685,34,1.172413793
FatNerdGuy,34,1.172413793
Camp_Olympia,34,1.172413793
brandon53081,34,1.172413793
Sydviciouz,34,1.172413793
Swiss_Cheese9797,34,1.172413793
Suraj-Sun,34,1.172413793
Dorkside,34,1.172413793
lunaticsb,34,1.172413793
BenMeetsWorld,34,1.172413793
LuckyBdx4,34,1.172413793
mister_automatic,34,1.172413793
TwoSwords,34,1.172413793
forceduse,34,1.172413793
p_U_c_K,34,1.172413793
Braden22,34,1.172413793
BiohazardBunny,34,1.172413793
ruskeeblue,34,1.172413793
rfu410,34,1.172413793
KookyGuy,34,1.172413793
TheGhostOfNoLibs,34,1.172413793
vajav,33,1.137931034
7499,33,1.137931034
nathalienewman,33,1.137931034
Sariel007,33,1.137931034
2498b3,33,1.137931034
manageo01,33,1.137931034
yaradebs,33,1.137931034
Mazgelis626,33,1.137931034
legendisreal,33,1.137931034
MickCJ,33,1.137931034
lolsail,33,1.137931034
ScreamingGerman,33,1.137931034
idmb,33,1.137931034
NightmareOnMyStreet,33,1.137931034
AristotleJr,33,1.137931034
lordkovacs,33,1.137931034
notsurewhatiam,33,1.137931034
gthank,33,1.137931034
newsens,33,1.137931034
BenDes1313,33,1.137931034
IndieAtheist,33,1.137931034
ThatOneFemale,33,1.137931034
DaFunny1,33,1.137931034
bopoqod,32,1.103448276
brom333,32,1.103448276
pain_perdu,32,1.103448276
Qwill2,32,1.103448276
r3dd173r,32,1.103448276
KatieNeedsAnAdult,32,1.103448276
Hamsterdam,32,1.103448276
dvdfreak0301,32,1.103448276
slap_bet,32,1.103448276
makeitworkoryouout,32,1.103448276
namer98,32,1.103448276
Ponder_Puddle,32,1.103448276
name_with_a_y,32,1.103448276
nraguy,32,1.103448276
AdjectiveAdverb,32,1.103448276
ArchangelleStrudelle,32,1.103448276
FFA_Moderator,32,1.103448276
blodgrahm,31,1.068965517
BettyMcBitterpants,31,1.068965517
fernguts,31,1.068965517
smokesteam,31,1.068965517
TurtleStrangulation,31,1.068965517
NArfynarfin,31,1.068965517
ffhfhffh,31,1.068965517
GreenSquid32,31,1.068965517
Bierrr,31,1.068965517
jettj12,31,1.068965517
dumbguyscene28,31,1.068965517
sgrodgers10,31,1.068965517
xDesolate,31,1.068965517
EnlightenedYouth,31,1.068965517
Lohlein,31,1.068965517
Crazy_Pillow,31,1.068965517
Souldier,31,1.068965517
BioGenx2b,31,1.068965517
Tacos4ever100,31,1.068965517
khdutton,31,1.068965517
espositojoe,31,1.068965517
gijsdaboss,31,1.068965517
SomePostMan,30,1.034482759
unquietwiki,30,1.034482759
ttk2,30,1.034482759
ashmaht,30,1.034482759
herbg22,30,1.034482759
CatholicGuy,30,1.034482759
OompaOrangeFace,30,1.034482759
ArchmageLudicrous,30,1.034482759
indy_ttt,30,1.034482759
SystemicMystic,30,1.034482759
atheist_verd,30,1.034482759
Thunderkleize,30,1.034482759
tdm911,30,1.034482759
sidcool1234,30,1.034482759
spsheridan,30,1.034482759
TrueWarrior,30,1.034482759
nilss0n,30,1.034482759
funnyfaceking,30,1.034482759
fetusinmytummy,30,1.034482759
BlueTurtleBrony,30,1.034482759
Schele_Sjakie,30,1.034482759
eagleis25,30,1.034482759
Boobies_Are_Awesome,30,1.034482759
rachelrad,30,1.034482759
magicmance,30,1.034482759
david-me,30,1.034482759
Shidzor,30,1.034482759
demented_pants,30,1.034482759
UNITA_rebel_alliance,30,1.034482759
marji80,30,1.034482759
RabidCoyote,30,1.034482759
ringsnmodules,29,1
Auto_aim1,29,1
TricycleGods,29,1
Maxcactus,29,1
99bibin,29,1
oh84s,29,1
varukasalt,29,1
xenizondich23,29,1
peetss,29,1
Vortilex,29,1
nsfwdreamer,29,1
paperwasp,29,1
wishr3sign,29,1
bokono,29,1
brainburger,29,1
lastoftheyagahe,29,1
hygo,29,1
RayAP19,29,1
VoltageKnight,29,1
dalek_999,29,1
MSaadJilani,29,1
KomradDimitri,29,1
BenNCM,29,1
krattr,29,1
americanslang59,29,1
vinglebingle,29,1
accountt1234,29,1
JaneNilufer,29,1
bearvivant,29,1
erowidtrance,29,1
hideisalive,29,1
hasdifficultyposting,29,1
foxh8er,29,1
SovereignMan,29,1
y2quest,29,1
chowder88,29,1
kalleerikvahakyla,29,1
turksahittin,29,1
insane0hflex,28,0.9655172414
KingNick,28,0.9655172414
jest09,28,0.9655172414
nadiasindi,28,0.9655172414
daebat,28,0.9655172414
Kalumis,28,0.9655172414
deadfermata,28,0.9655172414
suspiciousdg,28,0.9655172414
ngamau,28,0.9655172414
Perfect_Fit,28,0.9655172414
chazzmcgee,28,0.9655172414
mastereh,28,0.9655172414
mikalshorti,28,0.9655172414
SurvivorType,28,0.9655172414
YabukiJoe,28,0.9655172414
puppuli,28,0.9655172414
dirtymoney,28,0.9655172414
lexiecannes,28,0.9655172414
anupakkihal,28,0.9655172414
Evil_Toaster,28,0.9655172414
rikker_,28,0.9655172414
hillsfar,28,0.9655172414
Chancers12,28,0.9655172414
PokemasterTT,28,0.9655172414
SuperBeast4721,28,0.9655172414
Kevinhood11,28,0.9655172414
ChuckSpears,28,0.9655172414
Linkzor24,28,0.9655172414
bay_wolf,28,0.9655172414
tablesneakers,28,0.9655172414
Epistaxis,28,0.9655172414
CHOICECOD,28,0.9655172414
FiercelyFuzzy,28,0.9655172414
pinoycosplay,28,0.9655172414
scientologist2,28,0.9655172414
mymomsaysimspecial,27,0.9310344828
Llort2,27,0.9310344828
PrivateMajor,27,0.9310344828
saddestcat,27,0.9310344828
captainregularr,27,0.9310344828
killertofuuuuu,27,0.9310344828
MattyBlayze,27,0.9310344828
Sw1tch0,27,0.9310344828
jshrlzwrld02,27,0.9310344828
hca,27,0.9310344828
My_Wife_Doesnt_Know,27,0.9310344828
oxgon,27,0.9310344828
OsGameThreads,27,0.9310344828
truthman2000,27,0.9310344828
criticalnegation,27,0.9310344828
coffeetablesex,27,0.9310344828
1nspect_Her_Gadget,27,0.9310344828
PoliteSarcasticThing,27,0.9310344828
Maxion,27,0.9310344828
jerrylovesbacon,27,0.9310344828
strallweat,27,0.9310344828
eatacupcake,27,0.9310344828
Dayanx,27,0.9310344828
SoxBot,27,0.9310344828
gaping_your_mother,27,0.9310344828
Icantevenhavemyname,27,0.9310344828
jaxspider,27,0.9310344828
SutekhRising,27,0.9310344828
thebrightsideoflife,27,0.9310344828
zzxno,27,0.9310344828
vponyaccount,27,0.9310344828
Gremlinskaffa,27,0.9310344828
sulta,27,0.9310344828
sarice19,27,0.9310344828
BatXDude,27,0.9310344828
koobaxion,27,0.9310344828
skatterbug,27,0.9310344828
Cubejam,27,0.9310344828
sp4ce,27,0.9310344828
stargirl142,26,0.8965517241
zach84,26,0.8965517241
AdamVR4,26,0.8965517241
Andewz111,26,0.8965517241
Patrick5555,26,0.8965517241
thetoethumb,26,0.8965517241
ronearc,26,0.8965517241
spacemanspiff30,26,0.8965517241
replicated,26,0.8965517241
wolfguardian72,26,0.8965517241
yashchand,26,0.8965517241
Hilo581C,26,0.8965517241
thespecial1,26,0.8965517241
Aspel,26,0.8965517241
willdill,26,0.8965517241
DemanRisu,26,0.8965517241
elmergantry1960,26,0.8965517241
stephimatt99,26,0.8965517241
Knigel,26,0.8965517241
AstDerek,26,0.8965517241
JacksonHannan,26,0.8965517241
TheSox3,26,0.8965517241
brandhay,26,0.8965517241
jmarquiso,26,0.8965517241
CeeBeast,26,0.8965517241
jturkish,26,0.8965517241
FoldedTwice,26,0.8965517241
dmcg12,26,0.8965517241
PTFOholland,26,0.8965517241
StarbucksCoffee,26,0.8965517241
iCritical,26,0.8965517241
D3cker,26,0.8965517241
xiestman,26,0.8965517241
scorpio_on_blue_moon,26,0.8965517241
IstheCakeReallyaLie,26,0.8965517241
jdinlocool,26,0.8965517241
Yosoff,26,0.8965517241
jimmysilverrims,26,0.8965517241
Quizchris,26,0.8965517241
jabber99er,26,0.8965517241
lifelesslies,26,0.8965517241
the_goat_boy,26,0.8965517241
Ultravod,26,0.8965517241
midgisms,26,0.8965517241
mookdaruch,26,0.8965517241
CDfm,26,0.8965517241
Nielsio,26,0.8965517241
blackhydra866,26,0.8965517241
Antrikshy,26,0.8965517241
Yantzope,26,0.8965517241
abadingo8,26,0.8965517241
joeharre,26,0.8965517241
chaoticjacket,26,0.8965517241
662LetGo,26,0.8965517241
Mints59,26,0.8965517241
UlkeshNaranek,26,0.8965517241
Matti_Matti_Matti,26,0.8965517241
BenKerr,26,0.8965517241
catherine_cwc,26,0.8965517241
takemyworlddown,26,0.8965517241
rob-tornoe,25,0.8620689655
specieshumanoid,25,0.8620689655
Rawtashk,25,0.8620689655
Hamilton5M,25,0.8620689655
acusticthoughts,25,0.8620689655
Jen_Snow,25,0.8620689655
Timisaghost,25,0.8620689655
hernanl,25,0.8620689655
Happycamper101,25,0.8620689655
StencilPrinter,25,0.8620689655
BillTowne,25,0.8620689655
aviewoflife,25,0.8620689655
GrooGrux,25,0.8620689655
cralledode,25,0.8620689655
joelthelion,25,0.8620689655
FuriousChef,25,0.8620689655
brightsizedlife,25,0.8620689655
MittRomneysCampaign,25,0.8620689655
FrodoFeet,25,0.8620689655
41256d,25,0.8620689655
verylate,25,0.8620689655
Tebaxx,25,0.8620689655
SuperNinKenDo,25,0.8620689655
doc_daneeka,25,0.8620689655
southpointingchariot,25,0.8620689655
dbe944,25,0.8620689655
911jason,25,0.8620689655
SmellsLikeUpfoo,25,0.8620689655
jesusandhisbeard,25,0.8620689655
onemantwohands,25,0.8620689655
ZeldenGM,25,0.8620689655
EarlCardigan,25,0.8620689655
angelsbaseball,25,0.8620689655
phab3k,25,0.8620689655
josetavares,25,0.8620689655
notaverysmartman,25,0.8620689655
Gadallin,25,0.8620689655
ZiggyDStarcraft,25,0.8620689655
MY_NAME_IS_TODD,25,0.8620689655
mime454,25,0.8620689655
DodgerBot,25,0.8620689655
kaijunexus,25,0.8620689655
UnparalleledGenius,25,0.8620689655
emanuelkarlsten,25,0.8620689655
000000robot,25,0.8620689655
OhaiItsAhmad,25,0.8620689655
nogswarth,25,0.8620689655
Cern_Stormrunner,25,0.8620689655
kazba,25,0.8620689655
iam4real,25,0.8620689655
waspoza,25,0.8620689655
Krainz,25,0.8620689655
CharlesVI,25,0.8620689655
DrRad,25,0.8620689655
dustinyo,25,0.8620689655
King-Ink,25,0.8620689655
XiKiilzziX,25,0.8620689655
amprather,25,0.8620689655
appropriate-username,25,0.8620689655
CouchMaster,25,0.8620689655
TurnerJ5,25,0.8620689655
mistahARK,24,0.8275862069
Linksawake,24,0.8275862069
yyiiii,24,0.8275862069
beanjar,24,0.8275862069
Chief_Noc-A-Homa,24,0.8275862069
lerinoum,24,0.8275862069
antgly,24,0.8275862069
fritzershitzer,24,0.8275862069
WoopAhhh,24,0.8275862069
FirearmConcierge,24,0.8275862069
lukeh15,24,0.8275862069
ReligionProf,24,0.8275862069
kevonicus,24,0.8275862069
Bezbojnicul,24,0.8275862069
ArchangelleDworkin,24,0.8275862069
qwertisdirty,24,0.8275862069
Redbutter,24,0.8275862069
newnaturist,24,0.8275862069
Rasheedity,24,0.8275862069
BurntJoint,24,0.8275862069
Danielfair,24,0.8275862069
dirtyfries,24,0.8275862069
theconstipator,24,0.8275862069
jeannaimard,24,0.8275862069
ThomasSowell,24,0.8275862069
NoFeetSmell,24,0.8275862069
Curlaub,24,0.8275862069
DesertTortoiseSex,24,0.8275862069
BBrown7,24,0.8275862069
SpicyRussia,24,0.8275862069
geekchic,24,0.8275862069
hseldon10,24,0.8275862069
EdgHG,24,0.8275862069
CosmicGame,24,0.8275862069
RWK44,24,0.8275862069
blueorpheus,24,0.8275862069
khokis,24,0.8275862069
recipriversexcluson,24,0.8275862069
BronysPegasister,24,0.8275862069
Hormander,24,0.8275862069
EvilBosom,24,0.8275862069
ThatGuyFromFark,24,0.8275862069
HeirToPendragon,24,0.8275862069
MichaelJSullivan,24,0.8275862069
bruce656,24,0.8275862069
trelena,24,0.8275862069
UndrDawg,24,0.8275862069
roger_,24,0.8275862069
Mogwoggle,24,0.8275862069
fatbatman,24,0.8275862069
sorepheet,24,0.8275862069
Tidemonster,24,0.8275862069
RoyAwesome,24,0.8275862069
starrynightgirl,24,0.8275862069
krogers1337,24,0.8275862069
numbers12and35,24,0.8275862069
mszegedy,24,0.8275862069
terran1212,24,0.8275862069
jsscstm,24,0.8275862069
JellyTip,24,0.8275862069
RigaudonAS,24,0.8275862069
Kyderra,24,0.8275862069
peterabbit456,24,0.8275862069
SMUT_ADDICT,24,0.8275862069
tripleryder,24,0.8275862069
timberspine,24,0.8275862069
jdbee,24,0.8275862069
DJsoundmoney,24,0.8275862069
okay_jpg,24,0.8275862069
Siliticx,24,0.8275862069
filthwizard,24,0.8275862069
waterboysh,24,0.8275862069
letmetellyouhowitis,24,0.8275862069
xxobernoobxx1,24,0.8275862069
doodlebugboodles,24,0.8275862069
quentinnuk,24,0.8275862069
rozyhammer,23,0.7931034483
Lorgramoth,23,0.7931034483
jesuz,23,0.7931034483
DrShrapn3l,23,0.7931034483
aristar,23,0.7931034483
NFL_Mod,23,0.7931034483
CognitiveJots,23,0.7931034483
SportzTawk,23,0.7931034483
Chive,23,0.7931034483
tebee,23,0.7931034483
Frankfusion,23,0.7931034483
aynrandfan,23,0.7931034483
Valexannis,23,0.7931034483
southAfRknCraka,23,0.7931034483
ajtexasranger,23,0.7931034483
saute,23,0.7931034483
aryary,23,0.7931034483
collectivecognition,23,0.7931034483
Jamesshrugged,23,0.7931034483
quaoarpower,23,0.7931034483
grahvity,23,0.7931034483
1000Steps,23,0.7931034483
socially_broken,23,0.7931034483
JustAnotherGDB,23,0.7931034483
SnowHawkMike,23,0.7931034483
orionxx,23,0.7931034483
i_like_pretty_girls,23,0.7931034483
andrewinmelbourne,23,0.7931034483
InfamousBacon,23,0.7931034483
ratjea,23,0.7931034483
MickeyWallace,23,0.7931034483
nessbake,23,0.7931034483
mulimulix,23,0.7931034483
ninjazinedin,23,0.7931034483
I_EAT_PONIES,23,0.7931034483
Topper2676,23,0.7931034483
Pokemon_kid2012,23,0.7931034483
MyCakeDayIsEveryDay,23,0.7931034483
BoonTobias,23,0.7931034483
Goldmine44,23,0.7931034483
mandazi,23,0.7931034483
misterAction,23,0.7931034483
wholeein,23,0.7931034483
Johannes_S,23,0.7931034483
TareXmd,23,0.7931034483
sinisterdexter42,23,0.7931034483
Krashlandon,23,0.7931034483
Stosswalkinator,23,0.7931034483
MCPE_Master_Builder,23,0.7931034483
smellslikecomcast,23,0.7931034483
proudbedwetter,23,0.7931034483
hmistry,23,0.7931034483
darraghd,23,0.7931034483
jecniencikn,23,0.7931034483
Pulsar100,23,0.7931034483
SkimThat_TLDR,23,0.7931034483
sunkid,23,0.7931034483
Haxman12,23,0.7931034483
tribalEDMpromotions,23,0.7931034483
tarheel2432,23,0.7931034483
GManEtch,23,0.7931034483
Badlay,23,0.7931034483
RambleMan,23,0.7931034483
freshbrewedcoffee,23,0.7931034483
DuckFinger,23,0.7931034483
SLICK_EDITOR,23,0.7931034483
Eowyn27,23,0.7931034483
I-plaey-geetar,23,0.7931034483
douchebag_duryodhana,23,0.7931034483
Mish106,23,0.7931034483
Throwahoymatie,23,0.7931034483
cpelletier89,23,0.7931034483
poetical_poltergeist,23,0.7931034483
yep45,23,0.7931034483
fudgemunk,23,0.7931034483
Hamstertoast,22,0.7586206897
Bandalo,22,0.7586206897
Hopulus,22,0.7586206897
Joakal,22,0.7586206897
SirSprinkles,22,0.7586206897
brett6781,22,0.7586206897
Nissl,22,0.7586206897
nimik,22,0.7586206897
AveofSpades,22,0.7586206897
Raerth,22,0.7586206897
justthrowmeout,22,0.7586206897
untildeath,22,0.7586206897
Ecko09,22,0.7586206897
Tonality,22,0.7586206897
plattyjo,22,0.7586206897
harsh2k5,22,0.7586206897
CinnamonPancake,22,0.7586206897
Dubbys,22,0.7586206897
gigatesla,22,0.7586206897
paulbonerville,22,0.7586206897
loathing,22,0.7586206897
Universal_Star_Dust,22,0.7586206897
ajwitoslawski,22,0.7586206897
Yaaf,22,0.7586206897
AcerRubrum,22,0.7586206897
ShetlandJames,22,0.7586206897
dhaggerfin,22,0.7586206897
Tiny-Books,22,0.7586206897
Frandaman760,22,0.7586206897
BlueJaysBaseball,22,0.7586206897
datguy030,22,0.7586206897
xDommy,22,0.7586206897
DarthGamer,22,0.7586206897
Recamen,22,0.7586206897
nopeitsnotme,22,0.7586206897
DesolationRow,22,0.7586206897
politicaldan,22,0.7586206897
SarahLee,22,0.7586206897
whacim,22,0.7586206897
Jomskylark,22,0.7586206897
EDPostRequests,22,0.7586206897
alexandremcfly,22,0.7586206897
DougDante,22,0.7586206897
Dr_Sandvich,22,0.7586206897
StupidQuestionsRedux,22,0.7586206897
ZeosPantera,22,0.7586206897
ScottyB6,22,0.7586206897
DevilishDreamer,22,0.7586206897
ModerationLog,22,0.7586206897
Provenzer0,22,0.7586206897
theecakee,22,0.7586206897
evoken1,22,0.7586206897
AnotherClosetAtheist,22,0.7586206897
shanoxilt,22,0.7586206897
hell00001,22,0.7586206897
ThunderSteel666,22,0.7586206897
ForeScore,22,0.7586206897
InYourHands,22,0.7586206897
vegibowl,22,0.7586206897
TheScottWalkerXP,22,0.7586206897
AWOO32,22,0.7586206897
fiveSeveN_,22,0.7586206897
b43ndan,22,0.7586206897
raja_2000,22,0.7586206897
Arkburn,22,0.7586206897
youregonnaloveme,22,0.7586206897
dudelsac,22,0.7586206897
GonzoVeritas,22,0.7586206897
Tomorrow_Big,22,0.7586206897
agobayer,22,0.7586206897
EpicMuppet,22,0.7586206897
hausscha,22,0.7586206897
AskACapperDOTcom,22,0.7586206897
puck2,22,0.7586206897
hero0fwar,22,0.7586206897
Insamity,22,0.7586206897
Spam4119,22,0.7586206897
Drunken_Black_Belt,22,0.7586206897
OneSalientOversight,22,0.7586206897
apatt,22,0.7586206897
madam1,22,0.7586206897
crimsonnate,21,0.724137931
Sirbinkai,21,0.724137931
climbing,21,0.724137931
kn0wledge,21,0.724137931
iphone4macbook,21,0.724137931
lightinside,21,0.724137931
guancialle,21,0.724137931
PatSayJack,21,0.724137931
NGeX,21,0.724137931
noroadsleft,21,0.724137931
MortonPiercewright,21,0.724137931
karellen07,21,0.724137931
friedsushi87,21,0.724137931
minikin_snickasnee,21,0.724137931
slideyep,21,0.724137931
SmoresPies,21,0.724137931
good_morning_magpie,21,0.724137931
pcaharrier,21,0.724137931
roastedbagel,21,0.724137931
rolmos,21,0.724137931
Afrotators,21,0.724137931
PuffMasterJ,21,0.724137931
Shermanpk,21,0.724137931
Rionku,21,0.724137931
_Kita_,21,0.724137931
EmailIsNotOptional,21,0.724137931
bucknakid14,21,0.724137931
1000000students,21,0.724137931
wsxdtgbhnji,21,0.724137931
jewiscool,21,0.724137931
JohnTaggart,21,0.724137931
moron1384,21,0.724137931
emesspwnz,21,0.724137931
delitomatoes,21,0.724137931
DarkTiribus,21,0.724137931
burstonyamom,21,0.724137931
eatalltheballs,21,0.724137931
guyanonymous,21,0.724137931
UmeJack,21,0.724137931
madcowga,21,0.724137931
TheVloginator,21,0.724137931
vanderlinden,21,0.724137931
ChampionofCyrBROdiil,21,0.724137931
YouMad,21,0.724137931
phone_scissors_pen,21,0.724137931
xSmoothx,21,0.724137931
jcm267,21,0.724137931
sexi_squidward,21,0.724137931
Synchangel,21,0.724137931
downtothegwound,21,0.724137931
traggie,21,0.724137931
The_MadStork,21,0.724137931
erratically_sporadic,21,0.724137931
Google_vs_Bing,21,0.724137931
DailyChampDiscussion,21,0.724137931
CidofCidsley,21,0.724137931
HighlifeTTU,21,0.724137931
consorts,21,0.724137931
Peetrius,21,0.724137931
CableHermit,21,0.724137931
imperator285,21,0.724137931
alanalan426,21,0.724137931
notscientific,21,0.724137931
uriman,21,0.724137931
Myrin_Eleston,21,0.724137931
JFN1234,21,0.724137931
un-birthday,21,0.724137931
Olympus803,21,0.724137931
Bemuzed,21,0.724137931
kimme,21,0.724137931
BearfootXmormon,21,0.724137931
LoneConservative,21,0.724137931
Isatis_tinctoria,21,0.724137931
cometparty,21,0.724137931
Infectios,21,0.724137931
renholder,21,0.724137931
Ghostalker474,21,0.724137931
ps-aux,21,0.724137931
Autsin,21,0.724137931
familyguy,21,0.724137931
grimfel,21,0.724137931
SwimmingNaked,21,0.724137931
alanwil2,21,0.724137931
DrJulianBashir,21,0.724137931
pox12782006,21,0.724137931
theherps,21,0.724137931
blackstar9000,21,0.724137931
Ishrugged,21,0.724137931
SND3,21,0.724137931
doob10163,21,0.724137931
Gnurx,21,0.724137931
shuritsen,21,0.724137931
Tarbourite,21,0.724137931
fett4evr,21,0.724137931
lordkronos,21,0.724137931
DailyDistraction,21,0.724137931
ampsnohms,21,0.724137931
billet,21,0.724137931
Cullly,21,0.724137931
pdmcmahon,21,0.724137931
Nerdlinger,20,0.6896551724
CurLyy,20,0.6896551724
nickpinkston,20,0.6896551724
F1FTYSE7EN,20,0.6896551724
macmillan95,20,0.6896551724
elkresurgence,20,0.6896551724
lajaw,20,0.6896551724
MC-JOHNNY_A,20,0.6896551724
murdahmamurdah,20,0.6896551724
Clockwork757,20,0.6896551724
tonypotenza,20,0.6896551724
Rydel6,20,0.6896551724
halffast,20,0.6896551724
FunkMastaJunk,20,0.6896551724
jinnyjuice,20,0.6896551724
blazemore,20,0.6896551724
Wortho27,20,0.6896551724
Naxili,20,0.6896551724
Fatalstryke,20,0.6896551724
Tarugs,20,0.6896551724
dtelad11,20,0.6896551724
contrarianism,20,0.6896551724
ianwashere,20,0.6896551724
ThisTwoFace,20,0.6896551724
BrianTheLady,20,0.6896551724
didnt1able,20,0.6896551724
publius_lxxii,20,0.6896551724
FiscalCon2012,20,0.6896551724
tizod,20,0.6896551724
TheMellowestyellow,20,0.6896551724
Goniloc,20,0.6896551724
Knoxie_89,20,0.6896551724
Falafeltree,20,0.6896551724
Suiiii,20,0.6896551724
JammmJam,20,0.6896551724
coleyy07,20,0.6896551724
reidhasguitar,20,0.6896551724
Rather_Confused,20,0.6896551724
Shwampy10,20,0.6896551724
warheat1990,20,0.6896551724
danwin,20,0.6896551724
theneonknight,20,0.6896551724
surprised_by_bigotry,20,0.6896551724
BoiledGizzard,20,0.6896551724
paki123,20,0.6896551724
megantron2984,20,0.6896551724
Ferrarity,20,0.6896551724
Tdeckard2000,20,0.6896551724
shakycam3,20,0.6896551724
AsianPussassin,20,0.6896551724
Motourist,20,0.6896551724
smacksaw,20,0.6896551724
limelight22,20,0.6896551724
PloungeMafia,20,0.6896551724
gerntoronto,20,0.6896551724
littlecolt,20,0.6896551724
URPerfect,20,0.6896551724
myusernamestaken,20,0.6896551724
robertgfthomas,20,0.6896551724
airwalker12,20,0.6896551724
JustVan,20,0.6896551724
pheakelmatters,20,0.6896551724
CyReN_,20,0.6896551724
MFAModerator,20,0.6896551724
Wistuba17,20,0.6896551724
Bartimaeuse,20,0.6896551724
actualsnow,20,0.6896551724
batgirlsings,20,0.6896551724
Ecchii,20,0.6896551724
snwborder52,20,0.6896551724
keraneuology,20,0.6896551724
Art_of_Creation,20,0.6896551724
Kaepas,20,0.6896551724
kayleighkilljoy,20,0.6896551724
Lucavious,20,0.6896551724
clifwith1f,20,0.6896551724
Malinorne,20,0.6896551724
stesch,20,0.6896551724
JamesBlonde333,20,0.6896551724
hmwith,20,0.6896551724
frycook,20,0.6896551724
gne1217,20,0.6896551724
n734lq,20,0.6896551724
doubleyouteef,20,0.6896551724
quoe23,20,0.6896551724
randoh12,20,0.6896551724
wert6969,20,0.6896551724
Gerdel,20,0.6896551724
iDurr,20,0.6896551724
abrightmoore,20,0.6896551724
toymachinesh,20,0.6896551724
axberka,20,0.6896551724
faylan7,20,0.6896551724
Varis259,20,0.6896551724
william701,20,0.6896551724
opfawcett,20,0.6896551724
zeroi,20,0.6896551724
priyapunch,20,0.6896551724
lingben,20,0.6896551724
pewdro,20,0.6896551724
bitoku_no_ookami,20,0.6896551724
gary4prez,20,0.6896551724
shineheart,20,0.6896551724
cataringso,20,0.6896551724
redgears,20,0.6896551724
b0red,20,0.6896551724
xMademoiselle,20,0.6896551724
ktvplumbs,20,0.6896551724
Nordicaaron,20,0.6896551724
SebbyZING,20,0.6896551724
hBoBh,20,0.6896551724
aMANescape,20,0.6896551724
Daily_concern,20,0.6896551724
BeBenNova,19,0.6551724138
LouDMont,19,0.6551724138
kevro,19,0.6551724138
SuredeathHellman,19,0.6551724138
ScrapBuilder774,19,0.6551724138
1nate146,19,0.6551724138
exmocaptainmoroni,19,0.6551724138
bowhunter_fta,19,0.6551724138
SilentWalrus92,19,0.6551724138
CandyManCan,19,0.6551724138
ColinFeely,19,0.6551724138
121jigawatts,19,0.6551724138
undergroundmonorail,19,0.6551724138
OfficialTownRetard,19,0.6551724138
samettleman,19,0.6551724138
ieatbrainz,19,0.6551724138
arte_misia,19,0.6551724138
Camedy,19,0.6551724138
BdrLen,19,0.6551724138
ahylianhero,19,0.6551724138
CarolinaPunk,19,0.6551724138
cavedave,19,0.6551724138
jeffreyww,19,0.6551724138
gmoneygangster3,19,0.6551724138
glados_v2,19,0.6551724138
shadow_banned_again,19,0.6551724138
CowModz,19,0.6551724138
JakeSteam,19,0.6551724138
dxprog,19,0.6551724138
divine_dive,19,0.6551724138
BrianBoyko,19,0.6551724138
aphexcoil,19,0.6551724138
sleepnaught,19,0.6551724138
Era_Ojdanic,19,0.6551724138
thejellydude,19,0.6551724138
RJhasCresteds,19,0.6551724138
leicanthrope,19,0.6551724138
devtesla,19,0.6551724138
J4k0b42,19,0.6551724138
7oby,19,0.6551724138
AgonistAgent,19,0.6551724138
cyprinidae,19,0.6551724138
zq6,19,0.6551724138
barosa,19,0.6551724138
3rickZann,19,0.6551724138
travisoliver2,19,0.6551724138
rawveggies,19,0.6551724138
sybersonic,19,0.6551724138
louiebaur,19,0.6551724138
DarwinDanger,19,0.6551724138
alicetimetable,19,0.6551724138
Bpbegha,19,0.6551724138
supermegafuerte,19,0.6551724138
Okkuc,19,0.6551724138
weaselstomp,19,0.6551724138
dittidot,19,0.6551724138
Fishtails,19,0.6551724138
komodo_dragonzord,19,0.6551724138
munchauzen,19,0.6551724138
TBizzcuit,19,0.6551724138
DerpyGrooves,19,0.6551724138
geoffiroth,19,0.6551724138
NearNihil,19,0.6551724138
dabisnit,19,0.6551724138
theknightwhosays_nee,19,0.6551724138
zulaikha_idris,19,0.6551724138
EvilV,19,0.6551724138
dduct,19,0.6551724138
bigmapblog,19,0.6551724138
Phoenix1Rising,19,0.6551724138
TonightsWhiteKnight,19,0.6551724138
lotictrance,19,0.6551724138
quakerorts,19,0.6551724138
7zark77,19,0.6551724138
r4816,19,0.6551724138
jonahlew,19,0.6551724138
PCjr,19,0.6551724138
in2diep,19,0.6551724138
poprover,19,0.6551724138
treeizzle,19,0.6551724138
ZMush,19,0.6551724138
EpicCatFace,19,0.6551724138
fanboy_killer,19,0.6551724138
fauxmosexual,19,0.6551724138
workworkwort,19,0.6551724138
PotatoMusicBinge,19,0.6551724138
latros,19,0.6551724138
bravo_delta,19,0.6551724138
FerociousImbecile,19,0.6551724138
anttyk47,19,0.6551724138
brokendimension,19,0.6551724138
I_Am_Vladimir_Putin,19,0.6551724138
MadalineVOTOM,19,0.6551724138
dhaft88,19,0.6551724138
TheGreatCleave,19,0.6551724138
thegreatartist,19,0.6551724138
Americunt_Idiot,19,0.6551724138
poli_ticks,19,0.6551724138
mybrisum,19,0.6551724138
Mesmerizes,19,0.6551724138
MidgardDragon,19,0.6551724138
LevelCapGaming,19,0.6551724138
toeknee0126,19,0.6551724138
Zig-Zag,19,0.6551724138
EvilPundit,19,0.6551724138
Gillsolo,19,0.6551724138
osqer,19,0.6551724138
Ijob911,19,0.6551724138
tritter211,19,0.6551724138
viwrastupr,19,0.6551724138
StockJock-e,19,0.6551724138
BackFromTheFuture12,19,0.6551724138
RyanMTB,19,0.6551724138
redonculous,19,0.6551724138
TheUKLibertarian,19,0.6551724138
ReasonThusLiberty,19,0.6551724138
heightskid94,19,0.6551724138
sinndogg,19,0.6551724138
ducksizedhorses,19,0.6551724138
rubyblackcoffee,19,0.6551724138
Mispelling,19,0.6551724138
achancesw,19,0.6551724138
OHhokie1,19,0.6551724138
Kaibunny143,19,0.6551724138
Mizzoufan523,19,0.6551724138
dannylandulf,19,0.6551724138
SubcheckForum,19,0.6551724138
xKrazExMNUx,19,0.6551724138
darksim905,19,0.6551724138
mikhail_harel,19,0.6551724138
Roastmasters,19,0.6551724138
quantumsheep,19,0.6551724138
dudewiththebling,19,0.6551724138
Wiki_pedo,19,0.6551724138
zeehero,19,0.6551724138
KyroDCK,19,0.6551724138
cyber92,19,0.6551724138
hello2ulol,19,0.6551724138
Supercyndro,19,0.6551724138
Worstdriver,19,0.6551724138
rustyrobocop,19,0.6551724138
dr4m4g33k,19,0.6551724138
mbab349,19,0.6551724138
Skizorbit,19,0.6551724138
militarypuzzle,19,0.6551724138
neomatrix248,19,0.6551724138
EntingFantastic,19,0.6551724138
NMW,19,0.6551724138
Jetmann114,19,0.6551724138
johnw1988,18,0.6206896552
Zanowin,18,0.6206896552
shortymonster,18,0.6206896552
rice773,18,0.6206896552
Catcherofsouls,18,0.6206896552
BaconBiscuits,18,0.6206896552
aaltonen3,18,0.6206896552
phasers_to_stun,18,0.6206896552
IsHomestuckAnAnime,18,0.6206896552
antinuclearenergy,18,0.6206896552
Crimson_Comedian,18,0.6206896552
ThestolenToast,18,0.6206896552
TheZachster,18,0.6206896552
soulking,18,0.6206896552
qaera,18,0.6206896552
Bladerunner12,18,0.6206896552
CoyoteLightning,18,0.6206896552
AtheistArt,18,0.6206896552
Dazanan,18,0.6206896552
Metalmudd,18,0.6206896552
Aushiker,18,0.6206896552
Wormwood03,18,0.6206896552
jakenichols,18,0.6206896552
mjk1093,18,0.6206896552
PloungeMafiosi,18,0.6206896552
jleonardbc,18,0.6206896552
zylonite,18,0.6206896552
CavemanJared,18,0.6206896552
whats8,18,0.6206896552
xeltius,18,0.6206896552
nanochic,18,0.6206896552
DialMforMurder,18,0.6206896552
jake_mandel,18,0.6206896552
Kellylikescookies,18,0.6206896552
eire1228,18,0.6206896552
LittleBabyQuarantine,18,0.6206896552
RiverSong42,18,0.6206896552
NefariousBanana,18,0.6206896552
Vorpalbunnie,18,0.6206896552
ccarlyon,18,0.6206896552
t_o_o,18,0.6206896552
Catman789,18,0.6206896552
CaspianX2,18,0.6206896552
Alexk626,18,0.6206896552
allenwork,18,0.6206896552
Man_Flute,18,0.6206896552
DavidARay,18,0.6206896552
richard0copeland,18,0.6206896552
tototoz,18,0.6206896552
Juzztn,18,0.6206896552
iSunMonkey,18,0.6206896552
hottovix,18,0.6206896552
Gengar11,18,0.6206896552
nothingpersnal,18,0.6206896552
HarimadSol,18,0.6206896552
yubbermax,18,0.6206896552
DonManuel,18,0.6206896552
Derpface123,18,0.6206896552
benartmao,18,0.6206896552
ServerGeek,18,0.6206896552
MauriceLevy,18,0.6206896552
manirelli,18,0.6206896552
jablair51,18,0.6206896552
The_Correctionist,18,0.6206896552
SaintMort,18,0.6206896552
naveen_reloaded,18,0.6206896552
Dacvak,18,0.6206896552
skullbeats,18,0.6206896552
Lionheart713,18,0.6206896552
meltmyface,18,0.6206896552
D1794,18,0.6206896552
surrenderat20GG,18,0.6206896552
jwolfer,18,0.6206896552
FearlessEyes,18,0.6206896552
rownin,18,0.6206896552
fdisk2053,18,0.6206896552
Limjucas328,18,0.6206896552
CARL_TA_LLAMA,18,0.6206896552
Dinaldinho,18,0.6206896552
1368JM,18,0.6206896552
bigcheese08,18,0.6206896552
zillah1985,18,0.6206896552
andysonic2,18,0.6206896552
viborg,18,0.6206896552
MR_Rictus,18,0.6206896552
kah88,18,0.6206896552
iSperminator,18,0.6206896552
TomCat1948,18,0.6206896552
JustForCancer,18,0.6206896552
LibertyAboveALL,18,0.6206896552
PinkLedMind,18,0.6206896552
leo_trotzky,18,0.6206896552
coldonmartin,18,0.6206896552
fhbob,18,0.6206896552
GhostOf2010,18,0.6206896552
grauenwolf,18,0.6206896552
eightNote,18,0.6206896552
photolove8,18,0.6206896552
ringopendragon,18,0.6206896552
unknownman19,18,0.6206896552
schuppaloop,18,0.6206896552
ranjan_zehereela,18,0.6206896552
quasimoto__,18,0.6206896552
DaLateDentArthurDent,18,0.6206896552
SpaceCampDropOut,18,0.6206896552
Hai_kitteh_mow,18,0.6206896552
Vercify,18,0.6206896552
ladystrongstyle,18,0.6206896552
grania17,18,0.6206896552
Erixie,18,0.6206896552
thestig8,18,0.6206896552
MYGODWHATHAVEIDONE,18,0.6206896552
jasperjb,18,0.6206896552
Rainymood_XI,18,0.6206896552
Fawful,18,0.6206896552
E1Dav1d,18,0.6206896552
notrab,18,0.6206896552
mariuz,18,0.6206896552
MispelledName,18,0.6206896552
RebelTactics,18,0.6206896552
Aceoangels,18,0.6206896552
LadyFishington,18,0.6206896552
gina728163,18,0.6206896552
ParanoidAndroids,18,0.6206896552
sjhill,18,0.6206896552
glamotte14,18,0.6206896552
JorgeCS,18,0.6206896552
hazysummersky,18,0.6206896552
FourMakesTwoUNLESS,18,0.6206896552
Plazmotech,18,0.6206896552
canhazhotness,18,0.6206896552
leoselassie,18,0.6206896552
burnzkid,18,0.6206896552
ddplz,18,0.6206896552
SAK767,18,0.6206896552
wratx,18,0.6206896552
awesome_sauce911,18,0.6206896552
unknown,18,0.6206896552
LittleTillyFooFoo,18,0.6206896552
gold-coin,18,0.6206896552
Walorus,18,0.6206896552
starrychloe,18,0.6206896552
xanax05mg,18,0.6206896552
scarydick,18,0.6206896552
ablebodiedmango,18,0.6206896552
Dizzy_Slip,18,0.6206896552
Subhazard,18,0.6206896552
taylorcaulfield,18,0.6206896552
qrod,18,0.6206896552
KlausJanVanWolfhaus,18,0.6206896552
J_Jammer,18,0.6206896552
Armitando,18,0.6206896552
RomeFlower,18,0.6206896552
ajxxxx,18,0.6206896552
Giant_Robot_Birdhead,18,0.6206896552
MiddleEastern,18,0.6206896552
Lemonhead01,18,0.6206896552
cleverless,18,0.6206896552
HappyGlucklichJr,18,0.6206896552
TheEdgierPrincess,18,0.6206896552
StiGuy06,18,0.6206896552
Mad_Hatter_Bot,18,0.6206896552
scithion,18,0.6206896552
paslematin,18,0.6206896552
Mr_heisenburg,18,0.6206896552
Sacram3nt,18,0.6206896552
Majid_Ahmed_Khan,18,0.6206896552
XalwinesSwmbo,18,0.6206896552
Workasaurus,18,0.6206896552
AlternateFire1,18,0.6206896552
neoronin,18,0.6206896552
VaccusMonastica,18,0.6206896552
aggie1391,18,0.6206896552
jpurdy,18,0.6206896552
chrislamb_90,18,0.6206896552
deep40000,18,0.6206896552
Aiyon,18,0.6206896552
coffeeblossom,18,0.6206896552
SchwillyMaysHere,18,0.6206896552
Drunken_Economist,17,0.5862068966
alltimeisrelative,17,0.5862068966
DystopianPlague,17,0.5862068966
MickeyRooneyy,17,0.5862068966
Langlie,17,0.5862068966
Wodeath,17,0.5862068966
bridgette1129,17,0.5862068966
episodic,17,0.5862068966
underthemilkyway,17,0.5862068966
Donne_Tempo,17,0.5862068966
mgriff2k4,17,0.5862068966
spatchcock,17,0.5862068966
taniapdx,17,0.5862068966
eifersucht12a,17,0.5862068966
captnwednesday,17,0.5862068966
RedSquidz,17,0.5862068966
FrontRowSteve,17,0.5862068966
Actually_Doesnt_Care,17,0.5862068966
WithForte,17,0.5862068966
niobe127,17,0.5862068966
bathysphere22,17,0.5862068966
mehatch,17,0.5862068966
PFMock2,17,0.5862068966
jlesnick,17,0.5862068966
Manoos,17,0.5862068966
Tom_Anks,17,0.5862068966
speakstruth,17,0.5862068966
scottg96,17,0.5862068966
brockwhittaker,17,0.5862068966
WeAreWonderfulNow,17,0.5862068966
Buckit,17,0.5862068966
cttouch,17,0.5862068966
_Scarecrow,17,0.5862068966
hotrods20,17,0.5862068966
Hotwir3,17,0.5862068966
d4nc,17,0.5862068966
OferZak,17,0.5862068966
robomonkeyscat,17,0.5862068966
CheesewithWhine,17,0.5862068966
yusernametaken,17,0.5862068966
spadinskiz,17,0.5862068966
MagicHobbes,17,0.5862068966
kakozlow,17,0.5862068966
ask0,17,0.5862068966
jzzsxm,17,0.5862068966
MrGraveRisen,17,0.5862068966
tinyroom,17,0.5862068966
tnick771,17,0.5862068966
ElMangosto,17,0.5862068966
slackwaresupport,17,0.5862068966
silverhydra,17,0.5862068966
wickedplayer494,17,0.5862068966
popat2000,17,0.5862068966
WorkingMan512,17,0.5862068966
why_dont_u,17,0.5862068966
hatyn,17,0.5862068966
Brozzer,17,0.5862068966
StagMan231,17,0.5862068966
setguard13,17,0.5862068966
sweetnekojen,17,0.5862068966
goodzillo,17,0.5862068966
Zennistrad,17,0.5862068966
arcticshadow,17,0.5862068966
Nick3570,17,0.5862068966
potterboy29,17,0.5862068966
Rinsler,17,0.5862068966
spedal,17,0.5862068966
MaeBeWeird,17,0.5862068966
94svtcobra,17,0.5862068966
sarrowintosilk,17,0.5862068966
SynisterSilence,17,0.5862068966
swiftcashew,17,0.5862068966
TheDarkman67,17,0.5862068966
dirkson,17,0.5862068966
AngelaMotorman,17,0.5862068966
cameronj,17,0.5862068966
twotwobearz,17,0.5862068966
Shiniholum,17,0.5862068966
Klainette,17,0.5862068966
TheRealTTN,17,0.5862068966
charlieDaEnt,17,0.5862068966
gallez,17,0.5862068966
ramblerandgambler,17,0.5862068966
odin_the_wanderer,17,0.5862068966
eidolon182,17,0.5862068966
Dubaya,17,0.5862068966
mikasaur,17,0.5862068966
Froggy_hop,17,0.5862068966
Bakyra,17,0.5862068966
Rahlyn,17,0.5862068966
JIVEprinting,17,0.5862068966
sprashoo,17,0.5862068966
bolaxao,17,0.5862068966
heyamberlynne,17,0.5862068966
Andi1up,17,0.5862068966
DarthTater,17,0.5862068966
FlyPenFly,17,0.5862068966
Lost_Thought,17,0.5862068966
random_digital,17,0.5862068966
altosax29b,17,0.5862068966
imyreld,17,0.5862068966
bustyLaserCannon,17,0.5862068966
JoshBaker,17,0.5862068966
Woolbull,17,0.5862068966
d_wootang,17,0.5862068966
Captunfortunate,17,0.5862068966
Monsieur-Anana,17,0.5862068966
sunchow,17,0.5862068966
CloudDrone,17,0.5862068966
fourfs,17,0.5862068966
its-a-me-Murio,17,0.5862068966
Pravusmentis,17,0.5862068966
LosAngelesFBfriends,17,0.5862068966
TheonlyFalala,17,0.5862068966
lesbian_iamtrue,17,0.5862068966
BentNotBroken,17,0.5862068966
VenusBlue,17,0.5862068966
Artemchubarov,17,0.5862068966
c4lmlikeab0mb,17,0.5862068966
ChrisDK,17,0.5862068966
boomheadshot7,17,0.5862068966
gaop,17,0.5862068966
catgirl667,17,0.5862068966
TheElbow,17,0.5862068966
lucubratious,17,0.5862068966
JennyXJ9,17,0.5862068966
MontyAtWork,17,0.5862068966
Lupawolf,17,0.5862068966
dgodon,17,0.5862068966
AngryKittens,17,0.5862068966
V2Blast,17,0.5862068966
redkemper,17,0.5862068966
maku450,17,0.5862068966
miserabletown,17,0.5862068966
zoodiary8,17,0.5862068966
Aarcn,17,0.5862068966
POTATO_IN_MY_ANUS,17,0.5862068966
fireball_73,17,0.5862068966
chetoflep,17,0.5862068966
alexander_the_grate,17,0.5862068966
themightypierre,17,0.5862068966
poopyjoe43,17,0.5862068966
lolitsme7,17,0.5862068966
umsmasta,17,0.5862068966
kungfu_kickass,17,0.5862068966
Hououin,17,0.5862068966
suddenly_ponies,17,0.5862068966
boomerwarrior,17,0.5862068966
ultraheo044,17,0.5862068966
Raktoner,17,0.5862068966
samueldlockhart,17,0.5862068966
MrLoque,17,0.5862068966
mtnfreddie,17,0.5862068966
NotaMethAddict,17,0.5862068966
Legit_GFX,17,0.5862068966
Tallain,17,0.5862068966
Lelldorianx,17,0.5862068966
jayond,17,0.5862068966
OHIoGoonie,17,0.5862068966
kettish,17,0.5862068966
Smithburg01,17,0.5862068966
Yuki_SC,17,0.5862068966
Astro_nauts_mum,17,0.5862068966
razorxwire,17,0.5862068966
compto35,17,0.5862068966
MasterLawlz,17,0.5862068966
21007,17,0.5862068966
Jackfreddy28,17,0.5862068966
ReaganSmashK,17,0.5862068966
robotrock1382,17,0.5862068966
Notveryraven,17,0.5862068966
tamper,17,0.5862068966
slumberland,17,0.5862068966
KittyFooties,17,0.5862068966
FistofanAngryGoddess,17,0.5862068966
rzi,17,0.5862068966
gmap516,17,0.5862068966
ion-tom,17,0.5862068966
CranialEruption,17,0.5862068966
StillWill,17,0.5862068966
ryry117,17,0.5862068966
ShaidarHaran2,17,0.5862068966
StormKid,17,0.5862068966
large_poops,17,0.5862068966
LittleMizz,17,0.5862068966
remember_breitbart,17,0.5862068966
backoffbro,17,0.5862068966
UntamedVillans,17,0.5862068966
lethalweapon100,17,0.5862068966
PapaTua,17,0.5862068966
Heelincal,17,0.5862068966
7Snakes,17,0.5862068966
truthjusticeca,17,0.5862068966
NerdMachine,17,0.5862068966
Zagrobelny,17,0.5862068966
BewilderedAlbatross,17,0.5862068966
StephensonB,16,0.5517241379
balchynz,16,0.5517241379
edcellwarrior,16,0.5517241379
JaumeBG,16,0.5517241379
SwordsToPlowshares,16,0.5517241379
dopaminedude,16,0.5517241379
lglk,16,0.5517241379
MadisonWisconsin,16,0.5517241379
Stiffstick,16,0.5517241379
WillPhillips,16,0.5517241379
Xenoo,16,0.5517241379
Arthur_Dayne,16,0.5517241379
Mamawannabe,16,0.5517241379
DunkanBulk,16,0.5517241379
zach2992,16,0.5517241379
zxcvb11,16,0.5517241379
sweevo,16,0.5517241379
conrad42,16,0.5517241379
funkydo,16,0.5517241379
cookiepie,16,0.5517241379
Streeb-Greebling,16,0.5517241379
Boss_Dude,16,0.5517241379
NorthAntrim,16,0.5517241379
qdhcjv,16,0.5517241379
Valrek_Machines,16,0.5517241379
hoosyourdaddyo,16,0.5517241379
zipzap21,16,0.5517241379
blacknred522,16,0.5517241379
fathermocker,16,0.5517241379
giveitago,16,0.5517241379
alphasci,16,0.5517241379
qgyh2,16,0.5517241379
ExquisiteNeckbeard,16,0.5517241379
shifty1032231,16,0.5517241379
alex-mayorga,16,0.5517241379
kirobz,16,0.5517241379
ThePracticalJoker,16,0.5517241379
datpinecone,16,0.5517241379
uRabbit,16,0.5517241379
hardwarequestions,16,0.5517241379
hawktom6,16,0.5517241379
arghdos,16,0.5517241379
pepito420,16,0.5517241379
quarterbreed,16,0.5517241379
Balcore,16,0.5517241379
Lunar95,16,0.5517241379
pakoito,16,0.5517241379
DarumaRed,16,0.5517241379
IgorEmu,16,0.5517241379
MillaMia,16,0.5517241379
rushianikchyd,16,0.5517241379
memske,16,0.5517241379
GoSuMali,16,0.5517241379
NikKnack,16,0.5517241379
ferguson133,16,0.5517241379
PoliticalModerate,16,0.5517241379
hellboyfanboy,16,0.5517241379
Caveman788,16,0.5517241379
Naggers123,16,0.5517241379
kravitzz,16,0.5517241379
pwaves13,16,0.5517241379
Calcos323,16,0.5517241379
Jester814,16,0.5517241379
youarealldumbasses,16,0.5517241379
oogaFilms,16,0.5517241379
Spoogen_1,16,0.5517241379
the2belo,16,0.5517241379
uninc4life2010,16,0.5517241379
Jan-12,16,0.5517241379
OnlyAMuffin,16,0.5517241379
sinfulcolors,16,0.5517241379
VirtuousHeathen,16,0.5517241379
VoltageEclipse,16,0.5517241379
DirtyWhoreMouth,16,0.5517241379
TL_Grey_Hot,16,0.5517241379
screampuff,16,0.5517241379
alxclrk,16,0.5517241379
EagleThirdEye,16,0.5517241379
knownothingsk,16,0.5517241379
otrmatters,16,0.5517241379
nativeofspace,16,0.5517241379
DmcDT,16,0.5517241379
l4mouette,16,0.5517241379
Battle4Seattle,16,0.5517241379
Meneth,16,0.5517241379
gammarayzzz,16,0.5517241379
MobileD,16,0.5517241379
BrickSalad,16,0.5517241379
dinnerdewinner,16,0.5517241379
sinknorad,16,0.5517241379
RhinoMan2112,16,0.5517241379
Quantumplation,16,0.5517241379
rob79,16,0.5517241379
Careful_Houndoom,16,0.5517241379
Julian702,16,0.5517241379
timesofgrace,16,0.5517241379
Serotone,16,0.5517241379
fezbeast,16,0.5517241379
alan2500,16,0.5517241379
Wyrd_5,16,0.5517241379
tswaves,16,0.5517241379
hippiemachine,16,0.5517241379
Smaktat,16,0.5517241379
TheTurner,16,0.5517241379
MonksWithSticks,16,0.5517241379
me0ri,16,0.5517241379
Aqualung116,16,0.5517241379
Reddit_FTW,16,0.5517241379
mjemec,16,0.5517241379
beetling,16,0.5517241379
joevaded,16,0.5517241379
Adarkox,16,0.5517241379
clburton24,16,0.5517241379
baconlovr,16,0.5517241379
photolouis,16,0.5517241379
Live_Ore_Die,16,0.5517241379
AAjax,16,0.5517241379
GreenVoltage,16,0.5517241379
kettal,16,0.5517241379
A_Blind_Pilot,16,0.5517241379
eddiexmercury,16,0.5517241379
vsal,16,0.5517241379
geoemt,16,0.5517241379
skoshidog,16,0.5517241379
mikeramey1,16,0.5517241379
fobbymaster,16,0.5517241379
unpopularcommentman,16,0.5517241379
all_my_rage,16,0.5517241379
asstits,16,0.5517241379
Redsoul8,16,0.5517241379
mastermeatlock,16,0.5517241379
ErrorlessGnome,16,0.5517241379
SippyCup090,16,0.5517241379
professorpan,16,0.5517241379
nowhathappenedwas,16,0.5517241379
purpleparrots225,16,0.5517241379
Cuppy_Cakes,16,0.5517241379
Midasx,16,0.5517241379
Aaronmcom,16,0.5517241379
CowzGoesMoo,16,0.5517241379
NihiloZero,16,0.5517241379
BionicVertebrae,16,0.5517241379
aiptek7,16,0.5517241379
Lunatic14,16,0.5517241379
Gemini6Ice,16,0.5517241379
aloyious,16,0.5517241379
goingTofu,16,0.5517241379
Forensicunit,16,0.5517241379
bakchodest_of_all,16,0.5517241379
wardser,16,0.5517241379
LibertarianGuy,16,0.5517241379
KomradeKettlebell,16,0.5517241379
mmine1,16,0.5517241379
xxRECKONERxx,16,0.5517241379
JadenGH,16,0.5517241379
CoolybutnotFooly,16,0.5517241379
justcallmechase,16,0.5517241379
xenokilla,16,0.5517241379
eshra14,16,0.5517241379
strikerr,16,0.5517241379
JewBoySandler,16,0.5517241379
tubachris85x,16,0.5517241379
baiser,16,0.5517241379
karadotcollett,16,0.5517241379
bigtice,16,0.5517241379
Fusion124,16,0.5517241379
grizzlyjerr,16,0.5517241379
ghostbackwards,16,0.5517241379
FoolsPower,16,0.5517241379
razorsheldon,16,0.5517241379
quickonthedrawl,16,0.5517241379
coffeewithgames,16,0.5517241379
guruchild,16,0.5517241379
el_filipo,16,0.5517241379
azhockeyfan,16,0.5517241379
BfmVfan1,16,0.5517241379
ohet,16,0.5517241379
LeSpatula,16,0.5517241379
sketchampm,16,0.5517241379
kpthunder,16,0.5517241379
LymeMN,16,0.5517241379
Awken,16,0.5517241379
SomeCruzDude,16,0.5517241379
gthec9909,16,0.5517241379
17jag,16,0.5517241379
englad,16,0.5517241379
Reaperdude97,16,0.5517241379
fortran69,16,0.5517241379
skinsfan55,16,0.5517241379
Necrites,16,0.5517241379
jurble,16,0.5517241379
bangsecks,16,0.5517241379
tehweave,16,0.5517241379
polopolo911,16,0.5517241379
phrakture,16,0.5517241379
slumslum,16,0.5517241379
sputty,16,0.5517241379
mccreac123,16,0.5517241379
haija,16,0.5517241379
prettylittlebigle,16,0.5517241379
Appleseed_,16,0.5517241379
yourcitysucks,16,0.5517241379
Sabird1,16,0.5517241379
tonetonitony,16,0.5517241379
Durid,16,0.5517241379
MisterSquirrel,16,0.5517241379
dubplate,16,0.5517241379
JordanBlythe,16,0.5517241379
sweetehpie,16,0.5517241379
rilba,16,0.5517241379
ndtcssh,16,0.5517241379
docpepson,16,0.5517241379
executivemonkey,16,0.5517241379
DonTago,16,0.5517241379
NJknick,16,0.5517241379
Proteon,16,0.5517241379
PipBoy808,16,0.5517241379
gjallard,16,0.5517241379
Maslo55,16,0.5517241379
MrPrestige,16,0.5517241379
mrhodesit,16,0.5517241379
8938colby,16,0.5517241379
Desando,16,0.5517241379
a7xrob87,16,0.5517241379
g4r4e0g,16,0.5517241379
ThorSkaagi,16,0.5517241379
Hatguy115,16,0.5517241379
polerix,16,0.5517241379
inertia186,16,0.5517241379
mrhashbrown,16,0.5517241379
DutchPrisoner,16,0.5517241379
xandan,16,0.5517241379
TorturedRevenge,16,0.5517241379
Able_Seacat_Simon,16,0.5517241379